Total, Raycast, Update_cache, Inflation, PointCloudNumber, CacheNumber, InflationNumber
0.008476, 0.0024558, 0.00601396, 6.356e-05, 17847, 10569, 2754
0.00242536, 0.00125154, 0.00117284, 7.322e-06, 17848, 10369, 513
0.00295145, 0.00140414, 0.00154577, 4.809e-06, 17890, 10456, 243
0.00104068, 0.000697859, 0.000342514, 1.91e-06, 17892, 10539, 189
0.000937224, 0.000614506, 0.00032218, 2.142e-06, 17852, 10473, 216
0.000938378, 0.000658919, 0.000278907, 1.297e-06, 17884, 10681, 108
0.000915955, 0.000694901, 0.000220648, 2.33e-06, 17896, 10337, 216
0.000953549, 0.000668065, 0.000284955, 0, 17791, 10465, 0
0.000935991, 0.000710625, 0.000224948, 8.46e-07, 17847, 10564, 54
0.000873476, 0.000690476, 0.000182634, 8.05e-07, 17874, 10637, 81
0.000858369, 0.00066737, 0.000190507, 1.114e-06, 17864, 10391, 81
0.000863188, 0.000681626, 0.000181129, 7.71e-07, 17875, 10407, 54
0.000851077, 0.00068817, 0.000162579, 7.6e-07, 17855, 10495, 54
0.000832057, 0.000673417, 0.000158216, 4.63e-07, 17862, 10494, 27
0.000857144, 0.000692932, 0.000163875, 4.72e-07, 17876, 10489, 27
0.000848433, 0.000673584, 0.000174329, 0, 17852, 10581, 0
0.000880805, 0.000691326, 0.00018898, 0, 17887, 10681, 0
0.000749555, 0.000625515, 0.000122938, 0, 17835, 10060, 0
0.000874948, 0.00070831, 0.000166262, 0, 17918, 10292, 0
0.000822791, 0.000673117, 0.000149085, 5.768e-06, 17853, 10426, 27
0.00141135, 0.00115067, 0.000260072, 0, 17865, 10319, 0
0.00105404, 0.000858626, 0.000194058, 0, 17859, 10369, 0
0.000792018, 0.000655053, 0.000136426, 0, 17845, 10618, 0
0.000781411, 0.000659004, 0.000122028, 0, 17857, 10107, 0
0.000798758, 0.000659196, 0.000139234, 4.36e-07, 17871, 10553, 27
0.000813944, 0.000656027, 0.00015727, 8.04e-07, 17862, 10570, 54
0.000811506, 0.000678923, 0.000132061, 0, 17827, 10567, 0
0.000810967, 0.000654514, 0.000156088, 8.52e-07, 17867, 10742, 54
0.000789639, 0.000637549, 0.00015168, 6.39e-07, 17826, 10481, 54
0.00083019, 0.000698705, 0.000130935, 0, 17893, 10402, 0
0.00079473, 0.000629168, 0.000165143, 6.62e-07, 17840, 10345, 54
0.00106319, 0.00089932, 0.000163391, 0, 17902, 10451, 0
0.000776469, 0.000646145, 0.000129592, 0, 17823, 10528, 0
0.00223122, 0.00188405, 0.000346085, 1.646e-06, 17852, 10337, 54
0.00214922, 0.00184817, 0.000299557, 9.72e-07, 17840, 10567, 27
0.00277724, 0.00239231, 0.000381627, 1.581e-06, 17824, 10608, 54
0.00101405, 0.000858768, 0.000154781, 0, 17850, 10303, 0
0.000767593, 0.000641075, 0.00012583, 0, 17860, 10363, 0
0.00221064, 0.00188258, 0.000326074, 0, 17865, 10254, 0
0.00235657, 0.00199104, 0.000363374, 0, 17872, 10840, 0
0.00237386, 0.00201937, 0.000352713, 0, 17868, 10200, 0
0.00175947, 0.00149976, 0.000258864, 1.538e-06, 17855, 10692, 81
0.000770214, 0.000649204, 0.000120399, 0, 17869, 10500, 0
0.00155761, 0.001284, 0.000272332, 7.4e-07, 17910, 10689, 27
0.00125218, 0.00107152, 0.000179391, 0, 17857, 10430, 0
0.00344319, 0.00281247, 0.000628513, 1.804e-06, 17783, 10387, 27
0.00182953, 0.00153358, 0.000294879, 0, 17856, 10469, 0
0.00151999, 0.00130146, 0.000217603, 1.194e-06, 17825, 10430, 54
0.00203449, 0.00178003, 0.000253556, 6.97e-07, 17875, 10473, 27
0.00239387, 0.00207523, 0.000316282, 0, 17821, 10353, 0
0.000761296, 0.000647257, 0.000112852, 0, 17846, 10480, 0
0.000768159, 0.000647549, 0.000119764, 0, 17873, 10390, 0
0.00167785, 0.00144458, 0.000232014, 0, 17863, 10602, 0
0.00308133, 0.00251546, 0.000563203, 0, 17852, 10382, 0
0.00234361, 0.00201388, 0.000327646, 0, 17841, 10073, 0
0.00296546, 0.00260468, 0.000357352, 0, 17850, 10593, 0
0.000777881, 0.000654255, 0.000123237, 5.38e-07, 17812, 10277, 54
0.000814374, 0.00065438, 0.00015913, 0, 17821, 10501, 0
0.00258449, 0.00210086, 0.00048204, 1.661e-06, 17679, 10270, 54
0.00292962, 0.00219596, 0.000731894, 2.796e-06, 17539, 10035, 81
0.00272603, 0.0020245, 0.000699392, 6.18e-06, 18306, 9618, 378
0.0016415, 0.000949, 0.000691936, 7.984e-06, 18731, 9985, 1107
0.00278134, 0.00175899, 0.00102138, 1.793e-05, 18498, 11032, 1782
0.00438374, 0.00292574, 0.0014563, 2.1474e-05, 18444, 12299, 1080
0.00312193, 0.00222771, 0.000893108, 1.4777e-05, 18634, 13643, 1134
0.00184903, 0.00130829, 0.0005402, 1.0911e-05, 18295, 16070, 1674
0.00137107, 0.000962038, 0.000408514, 8.422e-06, 18703, 16366, 1512
0.00565137, 0.00406337, 0.00158425, 4.1049e-05, 18921, 16879, 1539
0.00493941, 0.00355309, 0.00138481, 4.1882e-05, 18344, 15917, 1539
0.00166505, 0.00110613, 0.00055849, 1.0353e-05, 17559, 16921, 1485
0.00317176, 0.00217812, 0.00099242, 1.9955e-05, 17502, 17256, 1674
0.00531232, 0.00349233, 0.00181832, 3.9153e-05, 17609, 17048, 1998
0.00690356, 0.00343971, 0.00346223, 7.971e-05, 17899, 16940, 2916
0.00247093, 0.00115002, 0.00132035, 1.9127e-05, 18038, 16992, 3051
0.00547969, 0.00275446, 0.00272392, 4.0644e-05, 18228, 16944, 2430
0.00520316, 0.00281861, 0.00238319, 3.4931e-05, 18592, 16969, 2052
0.00400884, 0.00258577, 0.00142218, 1.877e-05, 18870, 16171, 1377
0.00409915, 0.00261209, 0.00148626, 2.5137e-05, 19742, 17019, 1863
0.0060907, 0.00367867, 0.00240881, 5.3095e-05, 19765, 17391, 1458
0.00498371, 0.00302062, 0.00196105, 3.0013e-05, 19608, 16401, 1647
0.00266383, 0.00164791, 0.00101465, 1.9274e-05, 19775, 16301, 1215
0.00390213, 0.0025136, 0.00138763, 1.7276e-05, 20203, 16590, 1161
0.00309792, 0.00196728, 0.00112912, 1.5197e-05, 20547, 16407, 1215
0.0048164, 0.00325124, 0.00156356, 1.7241e-05, 20835, 16677, 864
0.00632381, 0.00440882, 0.00188954, 2.9426e-05, 20908, 17356, 891
0.0053083, 0.00316096, 0.00214623, 2.649e-05, 20963, 17826, 1404
0.00534663, 0.00328044, 0.00206394, 2.7019e-05, 21046, 18331, 1350
0.0050433, 0.00320154, 0.00183929, 2.4516e-05, 20777, 18404, 1404
0.00545633, 0.00360796, 0.00184479, 2.4523e-05, 20457, 17525, 1215
0.00393255, 0.00248508, 0.00144642, 1.8188e-05, 20151, 17046, 1107
0.00274882, 0.00164866, 0.00109945, 9.982e-06, 20199, 16854, 783
0.00504566, 0.00333172, 0.00171188, 2.3647e-05, 20345, 16803, 1242
0.00481756, 0.00325899, 0.00155638, 2.1813e-05, 20783, 18461, 1215
0.00159073, 0.00100576, 0.000584029, 8.888e-06, 20872, 17966, 1053
0.0028571, 0.00187698, 0.000979367, 1.4873e-05, 20222, 15517, 1161
0.00342586, 0.00232884, 0.001096, 1.2501e-05, 20087, 16456, 810
0.00471418, 0.00332014, 0.00139237, 1.622e-05, 20104, 16389, 837
0.00526093, 0.00380219, 0.00145518, 1.7852e-05, 19944, 16349, 837
0.00406925, 0.0029417, 0.00112571, 1.9257e-05, 19467, 15759, 810
0.00326744, 0.00215089, 0.00111568, 1.3068e-05, 19418, 16084, 1053
0.00532855, 0.00341143, 0.00191557, 3.0748e-05, 19104, 15261, 1107
0.00426601, 0.00292274, 0.00134095, 1.6561e-05, 19116, 15394, 918
0.00404995, 0.00293179, 0.00111645, 1.5845e-05, 19654, 16350, 810
0.0044432, 0.00359327, 0.000846491, 9.438e-06, 19632, 15998, 594
0.00264334, 0.00184626, 0.000796278, 9.013e-06, 19469, 15460, 675
0.0015016, 0.0011106, 0.000390394, 6.451e-06, 19720, 16299, 945
0.00376828, 0.0028182, 0.000947493, 9.691e-06, 20107, 17220, 621
0.00522394, 0.00389138, 0.00133056, 1.3828e-05, 20146, 17246, 702
0.00366553, 0.00244159, 0.00122297, 1.3322e-05, 19605, 16148, 864
0.00447971, 0.0031343, 0.00134274, 1.6158e-05, 19585, 16158, 891
0.00396854, 0.00259923, 0.00136804, 1.587e-05, 19526, 16013, 918
0.0046481, 0.0026431, 0.00200402, 2.3977e-05, 19516, 16071, 1404
0.00352527, 0.00235032, 0.00117395, 1.177e-05, 19062, 15277, 837
0.00476988, 0.00312299, 0.00164416, 1.749e-05, 19378, 15972, 648
0.00175166, 0.00129392, 0.000457146, 4.698e-06, 19450, 15298, 540
0.00427098, 0.00293039, 0.00133795, 1.2736e-05, 19116, 14911, 702
0.00333669, 0.00235087, 0.000984841, 9.197e-06, 18729, 14949, 567
0.00199129, 0.000907402, 0.00108337, 4.57e-06, 18333, 17316, 702
0.00200962, 0.000987623, 0.00102108, 4.857e-06, 18525, 17891, 675
0.00585486, 0.0034485, 0.00240298, 1.7215e-05, 18820, 17765, 648
0.00409601, 0.00281878, 0.00126399, 1.6041e-05, 18785, 16525, 891
0.00247591, 0.00114794, 0.00132733, 8.91e-06, 19023, 19108, 1539
0.00180097, 0.00095525, 0.000845238, 6.5e-06, 19110, 19289, 1134
0.00520046, 0.0029407, 0.0022581, 1.2386e-05, 19186, 18870, 756
0.00559208, 0.00337719, 0.00221178, 1.1538e-05, 19510, 19627, 675
0.00424253, 0.00297221, 0.00126821, 1.4681e-05, 20167, 17262, 864
0.00405093, 0.00281849, 0.00123127, 1.6684e-05, 20563, 16766, 972
0.00509949, 0.00288765, 0.00221051, 1.0259e-05, 20986, 17627, 540
0.00653328, 0.00349768, 0.00303337, 1.4744e-05, 21363, 18629, 702
0.00376198, 0.00263165, 0.00112889, 1.2766e-05, 21894, 15951, 675
0.00229318, 0.0015143, 0.000778155, 9.047e-06, 22506, 16139, 837
0.00511378, 0.00288827, 0.0022236, 1.108e-05, 22670, 18413, 594
0.00502912, 0.00315932, 0.0018678, 1.2952e-05, 23170, 17858, 648
0.00545765, 0.00345782, 0.00199738, 1.0935e-05, 23624, 18488, 540
0.00275618, 0.00189262, 0.000862923, 1.0227e-05, 24349, 15499, 864
0.00389053, 0.00268532, 0.0012038, 1.1122e-05, 24731, 17033, 648
0.0044136, 0.00317297, 0.00123884, 1.0185e-05, 24900, 17473, 486
0.00461762, 0.00338722, 0.00122888, 1.0328e-05, 24881, 18123, 486
0.00395776, 0.00283177, 0.00112512, 8.594e-06, 25418, 18409, 621
0.00591857, 0.00387732, 0.00203957, 2.0525e-05, 25587, 18498, 648
0.00245738, 0.00168159, 0.000774806, 5.76e-06, 25597, 18030, 459
0.00595542, 0.00388456, 0.00206812, 1.5214e-05, 25581, 18165, 378
0.00416549, 0.00301093, 0.00115245, 1.0553e-05, 25792, 17917, 540
0.00362879, 0.00262879, 0.000999129, 9.086e-06, 25983, 18105, 567
0.00472071, 0.00352522, 0.00119326, 7.806e-06, 26041, 17893, 297
0.00577963, 0.0039634, 0.00181305, 2.3542e-05, 26183, 17419, 675
0.00586959, 0.00412019, 0.00174622, 1.9398e-05, 26313, 17456, 540
0.00366068, 0.00243163, 0.00122828, 1.4091e-05, 26473, 17700, 918
0.00451938, 0.002867, 0.00165079, 1.6306e-05, 26495, 17791, 864
0.00704498, 0.00445299, 0.00258802, 3.393e-05, 26567, 18670, 999
0.00495339, 0.003322, 0.00162897, 1.9556e-05, 26445, 18651, 1134
0.0019581, 0.00137421, 0.000582751, 6.244e-06, 26312, 18808, 648
0.0040156, 0.00255156, 0.0014631, 2.0389e-05, 26302, 20076, 1647
0.0051189, 0.00341982, 0.0016959, 2.0721e-05, 25986, 19613, 1053
0.00292628, 0.00191911, 0.00100616, 1.3221e-05, 25834, 19178, 1107
0.00266441, 0.00166348, 0.000999537, 1.292e-05, 25964, 19444, 945
0.00655104, 0.00377621, 0.00277296, 3.5305e-05, 26204, 19773, 1107
0.0030051, 0.00200974, 0.000994555, 1.1815e-05, 26129, 18442, 594
0.00460272, 0.00307777, 0.00152289, 1.4247e-05, 26112, 19982, 783
0.00308629, 0.00207877, 0.0010059, 8.974e-06, 26126, 19564, 621
0.00534657, 0.00389825, 0.00144514, 1.2971e-05, 25824, 19311, 567
0.00416952, 0.00284738, 0.0013212, 1.2501e-05, 25913, 19505, 756
0.00441421, 0.00297619, 0.00143617, 1.1766e-05, 25948, 18760, 675
0.0063404, 0.00391436, 0.00241609, 1.9376e-05, 26053, 19135, 621
0.00425954, 0.00281594, 0.00144232, 1.4518e-05, 26166, 18387, 810
0.00451591, 0.00241494, 0.00210009, 1.3299e-05, 25863, 18703, 999
0.0042009, 0.0026537, 0.00154587, 1.5783e-05, 25990, 16393, 837
0.0043123, 0.00300647, 0.00130417, 9.432e-06, 26000, 17958, 513
0.00576858, 0.00324041, 0.00252652, 1.3433e-05, 25914, 18655, 756
0.00447911, 0.00262553, 0.00185246, 1.1651e-05, 25549, 17121, 729
0.00578575, 0.00323149, 0.00255295, 1.5082e-05, 25449, 17882, 945
0.00623613, 0.00321157, 0.00302314, 1.8557e-05, 24905, 18305, 1161
0.00522791, 0.00319567, 0.00203022, 1.2702e-05, 24501, 18005, 621
0.0059822, 0.00343093, 0.00254953, 1.8589e-05, 23575, 18642, 1188
0.00567815, 0.00290388, 0.00277299, 1.8053e-05, 22729, 19154, 1161
0.0051042, 0.00298601, 0.00211617, 1.7233e-05, 21916, 18151, 999
0.00505304, 0.00295436, 0.00209577, 1.4322e-05, 21269, 18755, 837
0.00571886, 0.00305845, 0.00265886, 1.9679e-05, 20301, 17985, 1188
0.00624522, 0.00341639, 0.00282526, 2.3779e-05, 19394, 17908, 837
0.00391086, 0.00224986, 0.00165973, 1.5919e-05, 19032, 16557, 1053
0.00540493, 0.00327604, 0.00212706, 2.8491e-05, 18964, 17025, 972
0.00251381, 0.00145847, 0.00105471, 1.0174e-05, 17060, 15647, 864
0.00514724, 0.00291137, 0.0022335, 2.9854e-05, 16845, 15010, 972
0.00469067, 0.00289198, 0.0017959, 3.0027e-05, 16894, 14064, 1053
0.0018475, 0.00133741, 0.000508841, 1.0144e-05, 17769, 13987, 1053
0.0032391, 0.00219658, 0.00104164, 9.976e-06, 18669, 13170, 540
0.00148976, 0.00107528, 0.00041332, 3.966e-06, 19149, 13153, 351
0.00329314, 0.0022669, 0.00102528, 1.2958e-05, 19349, 13057, 756
0.00485165, 0.0036184, 0.00123068, 9.588e-06, 19262, 14365, 243
0.00441895, 0.00290686, 0.00151102, 1.699e-05, 18171, 14511, 540
0.00141238, 0.00100647, 0.000404803, 5.142e-06, 18077, 15045, 621
0.00388625, 0.00275553, 0.00112757, 1.0093e-05, 18002, 15000, 513
0.0012003, 0.000885261, 0.000314408, 3.543e-06, 17921, 14280, 351
0.00296126, 0.00228221, 0.000678226, 6.866e-06, 18282, 14620, 351
0.00465075, 0.00283184, 0.00181741, 8.675e-06, 18166, 16291, 459
0.00414373, 0.00270241, 0.00143935, 1.0801e-05, 18001, 14515, 567
0.00260567, 0.00137317, 0.00123176, 5.257e-06, 18073, 15320, 351
0.00335599, 0.00201437, 0.00134073, 5.954e-06, 18183, 14442, 378
0.00410894, 0.00238776, 0.00171952, 8.183e-06, 18275, 14539, 378
0.003959, 0.00248159, 0.00147608, 4.141e-06, 18515, 14244, 162
0.00415819, 0.00263833, 0.00151765, 3.257e-06, 18764, 13793, 108
0.00369141, 0.00261006, 0.00107879, 1.304e-06, 18523, 13173, 27
0.00235945, 0.00183511, 0.000523533, 2.179e-06, 19019, 12541, 81
0.00395616, 0.00225349, 0.00169958, 3.597e-06, 19287, 14372, 135
0.003382, 0.00212668, 0.00125346, 1.91e-06, 19229, 13019, 54
0.00364022, 0.00231987, 0.00131864, 4.317e-06, 19350, 13756, 162
0.00226651, 0.00156807, 0.000697692, 2.894e-06, 19489, 13142, 135
0.00368978, 0.00229257, 0.00139555, 5.605e-06, 19455, 13533, 243
0.00315784, 0.00251107, 0.000644607, 6.257e-06, 19380, 11688, 162
0.00323545, 0.00259727, 0.00063642, 2.596e-06, 19725, 12087, 54
0.00359131, 0.0030677, 0.000522331, 9.82e-07, 19262, 13402, 27
0.0024034, 0.00195878, 0.000442941, 2.907e-06, 18952, 14160, 135
0.0037591, 0.00310266, 0.000652947, 2.009e-06, 18617, 14454, 54
0.00292913, 0.00244767, 0.000479369, 2.477e-06, 18421, 14685, 108
0.00354957, 0.00247547, 0.00107303, 1.482e-06, 18371, 15982, 54
0.00131847, 0.000832871, 0.000485209, 1.782e-06, 18426, 15999, 189
0.00372971, 0.00276433, 0.000963289, 8.474e-06, 18854, 13894, 432
0.00377535, 0.00271172, 0.00106133, 7.265e-06, 19231, 13565, 351
0.00295659, 0.00207841, 0.000877171, 9.398e-06, 20541, 13339, 594
0.00396393, 0.00276955, 0.00119273, 7.71e-06, 20778, 12654, 270
0.00294091, 0.00226828, 0.000671606, 6.917e-06, 20887, 12608, 270
0.00287236, 0.00224249, 0.000628741, 4.203e-06, 21093, 11939, 189
0.00194618, 0.00152349, 0.000422102, 3.3e-06, 21557, 13554, 243
0.003262, 0.00254566, 0.000714313, 6.556e-06, 21390, 13894, 324
0.00344613, 0.00271301, 0.000730863, 4.374e-06, 20776, 13951, 216
0.00337125, 0.00260011, 0.000769454, 6.622e-06, 20029, 14778, 297
0.00325802, 0.00220658, 0.00105031, 9.489e-06, 20095, 15926, 648
0.00207781, 0.00143544, 0.0006415, 8.009e-06, 20055, 16696, 810
0.00410232, 0.00284349, 0.0012569, 1.4139e-05, 19826, 17377, 729
0.00411222, 0.00288986, 0.0012205, 1.5604e-05, 20131, 17991, 918
0.00315603, 0.00213275, 0.00102234, 1.9979e-05, 20285, 16728, 1593
0.00380457, 0.00268694, 0.00111665, 2.2854e-05, 20442, 17059, 1404
0.00388428, 0.00270868, 0.00117442, 2.6143e-05, 20646, 16814, 1620
0.00130985, 0.000982745, 0.000326565, 5.372e-06, 20880, 17009, 648
0.00387572, 0.00282082, 0.00105318, 1.8208e-05, 21275, 17135, 864
0.00312885, 0.00212965, 0.000998252, 1.6751e-05, 21864, 16981, 1269
0.00287639, 0.00217401, 0.000700765, 1.1926e-05, 22146, 16445, 972
0.00469765, 0.00326027, 0.00143477, 2.361e-05, 22190, 15959, 837
0.00379916, 0.00276668, 0.00103058, 1.5977e-05, 22321, 15697, 945
0.00278944, 0.00203421, 0.000754407, 1.3253e-05, 22115, 14890, 1053
0.00249493, 0.0018455, 0.000648039, 7.893e-06, 22153, 14752, 567
0.00418051, 0.00306042, 0.0011172, 1.6231e-05, 22207, 15214, 810
0.00418649, 0.00307877, 0.00110533, 1.537e-05, 22275, 14506, 648
0.00365851, 0.00251905, 0.00113824, 1.4458e-05, 22412, 14827, 783
0.00424687, 0.00283869, 0.00140693, 2.1476e-05, 21955, 13723, 1080
0.00387215, 0.00254333, 0.00132718, 1.2741e-05, 21857, 13165, 594
0.00382168, 0.00226104, 0.00155913, 1.5452e-05, 21662, 12520, 756
0.00381356, 0.00215809, 0.00165449, 1.9624e-05, 21467, 11572, 1269
0.00477552, 0.00254686, 0.00222596, 3.0278e-05, 21188, 11019, 945
0.00191863, 0.00112385, 0.000794311, 1.0831e-05, 21481, 11849, 1350
0.00523096, 0.00319062, 0.00203648, 2.8576e-05, 21012, 12006, 1323
0.00343085, 0.00180096, 0.00162906, 2.1175e-05, 19486, 11899, 1539
0.0053628, 0.00286708, 0.00249205, 4.53e-05, 19665, 12929, 1512
0.00427403, 0.00223698, 0.00203605, 2.5313e-05, 19461, 14090, 1485
0.00377012, 0.00226633, 0.00150274, 1.9901e-05, 19187, 13229, 1080
0.00369877, 0.00190479, 0.00179282, 2.3259e-05, 18658, 14550, 1566
0.0039884, 0.00242045, 0.0015666, 2.3844e-05, 18693, 14601, 1323
0.00358909, 0.00220375, 0.00138337, 2.1126e-05, 18670, 14652, 1188
0.00367004, 0.00251473, 0.0011532, 1.5441e-05, 18655, 14511, 864
0.00279889, 0.00172636, 0.00107184, 1.6326e-05, 18613, 14167, 1188
0.00127846, 0.000793036, 0.000485121, 8.196e-06, 18610, 14769, 1269
0.00435255, 0.00279652, 0.00155331, 2.0018e-05, 19101, 15828, 1080
0.00560109, 0.00371318, 0.00188573, 3.8603e-05, 19116, 15338, 1377
0.00624214, 0.00367125, 0.0025689, 3.8869e-05, 19130, 14921, 1458
0.00306156, 0.00221691, 0.000843051, 1.0403e-05, 19118, 15959, 1026
0.00386972, 0.00266262, 0.00120522, 1.4872e-05, 19281, 15427, 837
0.00468484, 0.00303677, 0.00164609, 2.5061e-05, 19346, 14565, 972
0.00388347, 0.002348, 0.0015339, 2.3254e-05, 19602, 15911, 1755
0.00141077, 0.000854631, 0.000555726, 9.486e-06, 19657, 15889, 1539
0.00597783, 0.00334125, 0.00263456, 3.5934e-05, 19572, 16428, 1269
0.0047767, 0.00290206, 0.00187255, 2.013e-05, 19739, 16002, 1161
0.00448814, 0.00259346, 0.0018939, 2.1625e-05, 19763, 17121, 1566
0.00550693, 0.00311912, 0.00238571, 2.8282e-05, 19872, 16623, 1080
0.00385581, 0.00255259, 0.00130184, 1.1592e-05, 19841, 16272, 621
0.00476876, 0.00319032, 0.00157573, 1.6573e-05, 20190, 16162, 513
0.00361537, 0.00246647, 0.00114783, 9.572e-06, 21235, 17599, 567
0.00449129, 0.00278024, 0.00170927, 9.682e-06, 21669, 18874, 513
0.00415323, 0.00313259, 0.00101722, 6.941e-06, 21797, 16301, 324
0.00450446, 0.00342156, 0.00108082, 9.246e-06, 22293, 17818, 405
0.0032038, 0.00237902, 0.000824063, 4.272e-06, 22744, 18551, 270
0.00121992, 0.000948587, 0.000271076, 1.273e-06, 23085, 17906, 135
0.00237892, 0.00186773, 0.000510057, 4.38e-06, 23420, 18189, 351
0.00531979, 0.00389148, 0.00142633, 5.862e-06, 23693, 18842, 135
0.00281254, 0.00227297, 0.000538434, 3.452e-06, 23986, 18529, 189
0.00279903, 0.00215874, 0.000639392, 4.108e-06, 24143, 17410, 243
0.00520274, 0.00380263, 0.0013965, 1.0801e-05, 24210, 17189, 297
0.00398947, 0.00305475, 0.000932647, 5.542e-06, 24293, 17405, 270
0.00376303, 0.00294594, 0.000814978, 4.105e-06, 24248, 16342, 189
0.00150983, 0.00107578, 0.000433154, 2.967e-06, 24878, 17237, 351
0.00383379, 0.00285747, 0.000975371, 1.1558e-05, 25040, 17271, 702
0.00390898, 0.00288037, 0.00102657, 1.0511e-05, 25479, 17791, 621
0.00391547, 0.00296751, 0.000945739, 8.118e-06, 25572, 17667, 432
0.00323556, 0.0023433, 0.000891437, 7.38e-06, 25607, 17292, 540
0.00387678, 0.00282512, 0.00104983, 7.843e-06, 25957, 17130, 405
0.00429816, 0.00328191, 0.00101462, 1.0543e-05, 26123, 17376, 540
0.00486037, 0.00309881, 0.00175977, 1.1461e-05, 26073, 19404, 648
0.00471068, 0.00301088, 0.00169887, 1.212e-05, 26025, 20552, 837
0.00577044, 0.00343839, 0.00233084, 1.682e-05, 25947, 20706, 756
0.005399, 0.00344943, 0.00194695, 1.1174e-05, 25652, 20481, 594
0.00404439, 0.00288164, 0.00116089, 8.76e-06, 25636, 18756, 486
0.0038668, 0.00278346, 0.00108248, 1.3645e-05, 25450, 17859, 972
0.00382219, 0.00292846, 0.000892624, 6.042e-06, 25409, 18085, 351
0.0060137, 0.00449903, 0.00151132, 1.3034e-05, 25449, 18147, 324
0.00392725, 0.00306062, 0.000864941, 6.531e-06, 25367, 18268, 324
0.00219245, 0.00169656, 0.000494837, 4.923e-06, 25565, 16816, 432
0.00165691, 0.00111294, 0.0005431, 2.422e-06, 25658, 17793, 270
0.00371804, 0.00285193, 0.000864367, 5.174e-06, 25824, 16911, 270
0.00391765, 0.00298406, 0.000932027, 6.057e-06, 26103, 16947, 270
0.00370841, 0.00239638, 0.00131088, 6.233e-06, 26212, 18125, 459
0.0041345, 0.00289586, 0.00123671, 7.609e-06, 25609, 17070, 405
0.00402183, 0.00304617, 0.000973417, 6.224e-06, 26055, 16156, 297
0.00386827, 0.00286424, 0.00100302, 7.511e-06, 26040, 15955, 432
0.00399255, 0.00301731, 0.000972881, 7.137e-06, 25842, 16062, 351
0.00171324, 0.00109858, 0.000613716, 3.008e-06, 26165, 17572, 405
0.0022979, 0.00155701, 0.000739866, 7.058e-06, 26125, 16219, 324
0.00506951, 0.00356474, 0.00150237, 6.759e-06, 26337, 16966, 162
0.00469899, 0.00335674, 0.00133984, 1.2355e-05, 26522, 15765, 432
0.0022012, 0.0016352, 0.000565049, 4.046e-06, 26827, 15552, 324
0.00307596, 0.00215003, 0.000925239, 6.256e-06, 27317, 18164, 432
0.00131806, 0.00091052, 0.000407179, 3.431e-06, 27232, 18364, 486
0.00419641, 0.00301941, 0.00117476, 1.1224e-05, 27047, 18080, 567
0.00473993, 0.00346451, 0.00127325, 8.64e-06, 27057, 18641, 459
0.00458305, 0.0032081, 0.00137137, 1.1437e-05, 27175, 19578, 567
0.00449082, 0.0025282, 0.00196174, 1.5859e-05, 26648, 20350, 918
0.00553844, 0.00329342, 0.00224313, 1.2762e-05, 26487, 20223, 756
0.00691502, 0.00411131, 0.00280141, 2.1403e-05, 26466, 20343, 648
0.00553203, 0.00363463, 0.00189512, 1.847e-05, 26666, 17560, 594
0.00487167, 0.00332995, 0.00154025, 1.6562e-05, 26875, 17579, 567
0.00559578, 0.00342962, 0.00216373, 2.258e-05, 26893, 19084, 1350
0.00597597, 0.00350263, 0.00247078, 2.1375e-05, 26849, 20801, 1377
0.00636064, 0.00412898, 0.00222901, 1.931e-05, 26814, 19703, 1188
0.00463673, 0.00280805, 0.00182768, 1.9432e-05, 26938, 20010, 1539
0.00557883, 0.00336922, 0.00220745, 2.0351e-05, 26765, 20557, 1134
0.00547453, 0.00324483, 0.00222809, 1.9264e-05, 26443, 18959, 1107
0.00495357, 0.00313289, 0.00181878, 1.8525e-05, 26192, 19618, 1134
0.00513297, 0.00364533, 0.00148599, 1.6756e-05, 26325, 17999, 1080
0.00510319, 0.00298679, 0.00211478, 2.8173e-05, 25973, 18188, 1593
0.00462468, 0.00258879, 0.00203447, 1.8213e-05, 25422, 17515, 1188
0.00549605, 0.00346514, 0.00202823, 3.1033e-05, 24992, 17167, 1134
0.00413842, 0.00271702, 0.0014205, 1.6248e-05, 24482, 17821, 1134
0.00187741, 0.00127512, 0.000601408, 8.223e-06, 24406, 17571, 918
0.00496642, 0.00294347, 0.00202139, 2.4545e-05, 23948, 18859, 1566
0.00310068, 0.00196555, 0.00113389, 1.3478e-05, 23584, 18234, 1323
0.00545639, 0.00351865, 0.00193383, 1.8911e-05, 23343, 18491, 1188
0.00527664, 0.00348688, 0.00178737, 2.4444e-05, 22737, 15621, 1269
0.0013266, 0.00084231, 0.000483642, 4.169e-06, 22201, 15495, 567
0.00409317, 0.00259694, 0.00149394, 1.628e-05, 21601, 15004, 918
0.00491171, 0.00298458, 0.00192561, 1.7419e-05, 21111, 16264, 918
0.00504176, 0.00306294, 0.00197628, 2.1932e-05, 20507, 16949, 1377
0.00353933, 0.00206012, 0.0014783, 1.4351e-05, 19414, 16870, 1161
0.00147701, 0.000860546, 0.000616046, 7.277e-06, 18962, 17157, 1080
0.00657822, 0.00410524, 0.00247015, 2.6371e-05, 18419, 16497, 756
0.00555698, 0.00348684, 0.00206771, 2.3167e-05, 17995, 16374, 783
0.00493864, 0.00312876, 0.0018074, 2.4608e-05, 17112, 16890, 702
0.00345098, 0.00208321, 0.0013667, 1.1061e-05, 16725, 15076, 756
0.00390643, 0.0023606, 0.00154374, 1.4375e-05, 16657, 15177, 729
0.00435894, 0.00280188, 0.00155599, 1.6646e-05, 17351, 14973, 810
0.00246929, 0.00166422, 0.000803723, 1.2524e-05, 17277, 15971, 1107
0.00368323, 0.00213333, 0.00154869, 2.1042e-05, 17799, 16689, 1431
0.00390866, 0.00262326, 0.00128429, 1.6638e-05, 18501, 15762, 945
0.00269655, 0.00185674, 0.000839073, 6.612e-06, 18636, 15891, 432
0.00565763, 0.00417169, 0.00148097, 1.6393e-05, 19198, 15770, 486
0.00307546, 0.00213885, 0.000935693, 7.444e-06, 19517, 15275, 486
0.00381752, 0.00268104, 0.00113511, 1.3213e-05, 19618, 15282, 675
0.0045004, 0.00298112, 0.00151752, 1.5504e-05, 19771, 15385, 405
0.00289425, 0.00209008, 0.000803352, 8.979e-06, 19431, 15000, 567
0.00116891, 0.000851737, 0.000316718, 2.706e-06, 19507, 14970, 270
0.00348168, 0.00283363, 0.000646202, 5.637e-06, 19344, 14897, 243
0.00490521, 0.0037594, 0.00114188, 5.925e-06, 19215, 15429, 162
0.00434659, 0.0033071, 0.00103618, 9.147e-06, 19178, 15435, 243
0.00281854, 0.00218648, 0.000631317, 4.396e-06, 18655, 15652, 243
0.00112887, 0.000876099, 0.000252351, 2.881e-06, 18209, 16152, 243
0.00186598, 0.00151783, 0.000347009, 1.574e-06, 17799, 16335, 81
0.00414376, 0.00331139, 0.00083003, 4.647e-06, 17538, 17032, 216
0.0028171, 0.00232273, 0.000493175, 2.428e-06, 17853, 17411, 135
0.00346774, 0.00268688, 0.00077992, 1.0326e-05, 17928, 17433, 621
0.00111645, 0.000872032, 0.000244129, 2.966e-06, 17546, 15842, 324
0.00397829, 0.00319972, 0.000775968, 5.101e-06, 17599, 16561, 243
0.0035328, 0.00284077, 0.00069048, 4.661e-06, 17961, 16360, 216
0.00152665, 0.00126132, 0.000264961, 2.138e-06, 17825, 15613, 162
0.00271544, 0.00219603, 0.000518595, 3.352e-06, 17822, 15182, 162
0.00321606, 0.00250385, 0.000710255, 2.909e-06, 17639, 16256, 216
0.00241763, 0.00191947, 0.00049663, 3.768e-06, 18135, 14496, 243
0.00399044, 0.00324854, 0.00073843, 3.975e-06, 18372, 15079, 162
0.002683, 0.00215898, 0.000523063, 1.242e-06, 18991, 14753, 54
0.00328526, 0.00250868, 0.000775432, 4.366e-06, 18891, 14527, 216
0.0032147, 0.00261577, 0.000597842, 3.05e-06, 19208, 14084, 108
0.00144115, 0.00117883, 0.000261906, 1.31e-06, 19692, 14017, 135
0.00399646, 0.00308521, 0.000908377, 9.535e-06, 19891, 13380, 297
0.00370659, 0.00270132, 0.00100374, 3.771e-06, 20496, 14339, 162
0.00542576, 0.00374969, 0.00167198, 7.342e-06, 20741, 14838, 189
0.00378358, 0.00289481, 0.000886574, 7.578e-06, 20580, 13574, 243
0.00352252, 0.00284513, 0.000675462, 5.873e-06, 20617, 14721, 270
0.00276711, 0.00208725, 0.000678975, 5.115e-06, 20102, 16396, 378
0.00358541, 0.00270223, 0.000882157, 6.699e-06, 19883, 16516, 351
0.00449704, 0.00321612, 0.00127936, 1.4429e-05, 19690, 15308, 432
0.0040601, 0.00314655, 0.00091162, 7.53e-06, 20038, 15079, 270
0.00318891, 0.00230145, 0.000886311, 6.393e-06, 20123, 16103, 459
0.00199774, 0.00149258, 0.000504169, 5.046e-06, 20422, 15668, 405
0.00299958, 0.00222673, 0.000770961, 4.573e-06, 20472, 15480, 216
0.0042668, 0.00299125, 0.00127369, 1.0444e-05, 20278, 15975, 459
0.00354215, 0.00224789, 0.00129316, 1.2663e-05, 20566, 16278, 729
0.00228267, 0.00155101, 0.000730941, 6.621e-06, 20688, 15490, 486
0.00532793, 0.00348885, 0.00183653, 2.3807e-05, 20981, 15418, 783
0.00397944, 0.00300908, 0.000968711, 8.462e-06, 21134, 15095, 297
0.00363779, 0.00226798, 0.00136879, 9.795e-06, 21618, 13746, 567
0.00156181, 0.00104085, 0.000520366, 7.776e-06, 21856, 13267, 891
0.00381813, 0.00247496, 0.00134158, 1.65e-05, 22002, 12930, 837
0.00427579, 0.00269758, 0.00157613, 2.9484e-05, 22459, 11784, 1026
0.0049548, 0.00292508, 0.00202729, 2.8037e-05, 23300, 12900, 1053
0.00317834, 0.00181778, 0.00135979, 1.8083e-05, 23882, 13362, 1431
0.00432609, 0.00278589, 0.00153663, 2.4534e-05, 23790, 14609, 1377
0.00576488, 0.00332573, 0.0024357, 3.3581e-05, 24298, 15920, 1161
0.00452259, 0.00299571, 0.00152426, 2.3027e-05, 23764, 15806, 1215
0.00374478, 0.00249406, 0.00124983, 1.6799e-05, 23094, 18218, 1323
0.00230022, 0.00126346, 0.0010362, 1.0302e-05, 23049, 20619, 1269
0.00530999, 0.00328568, 0.00202208, 1.4933e-05, 22976, 19181, 810
0.00548287, 0.00325716, 0.00222447, 1.638e-05, 22555, 18171, 891
0.00381965, 0.00169626, 0.00212227, 2.0659e-05, 21634, 18642, 1485
0.00175463, 0.0010892, 0.000664355, 1.1805e-05, 21484, 17061, 1350
0.00453642, 0.00278504, 0.00174951, 2.4017e-05, 21295, 18071, 1404
0.00295138, 0.00189984, 0.00105082, 1.6816e-05, 21322, 17713, 1296
0.00497118, 0.00309665, 0.00187264, 1.7796e-05, 21175, 18454, 1026
0.00323658, 0.00167694, 0.00155865, 2.191e-05, 21401, 18704, 1512
0.00285918, 0.00160203, 0.00125554, 1.8619e-05, 21253, 19151, 1323
0.00413358, 0.00263296, 0.00149845, 1.8414e-05, 21216, 17773, 864
0.00505277, 0.00355627, 0.00149343, 1.7741e-05, 21496, 18509, 918
0.00645667, 0.00363053, 0.00282417, 3.6259e-05, 20920, 18019, 1377
0.00497836, 0.00293136, 0.00204617, 2.2702e-05, 20894, 18346, 1404
0.00588488, 0.00394287, 0.00193923, 2.5853e-05, 20946, 18596, 1539
0.0050289, 0.00382244, 0.00120455, 1.4175e-05, 20950, 18014, 972
0.00440363, 0.00278771, 0.00161498, 2.0299e-05, 20250, 18778, 1296
0.00234991, 0.00135131, 0.000997675, 1.3403e-05, 20135, 19410, 1350
0.00575277, 0.0036987, 0.00205132, 3.2215e-05, 19945, 18868, 1242
0.00441788, 0.00255187, 0.00186513, 1.7571e-05, 19602, 19553, 1350
0.00399448, 0.00213361, 0.00185912, 1.8646e-05, 19731, 18920, 1107
0.00723255, 0.00486434, 0.00236371, 1.9585e-05, 19895, 20035, 1080
0.00579438, 0.00364938, 0.00214288, 1.7314e-05, 20092, 20062, 1026
0.00440294, 0.00288545, 0.00151641, 1.1977e-05, 20062, 19182, 783
0.00596033, 0.00371084, 0.00224842, 1.9917e-05, 20569, 18940, 1053
0.00370083, 0.00279748, 0.000901211, 1.1556e-05, 20700, 20982, 837
0.00417196, 0.00257088, 0.00160013, 1.5107e-05, 20839, 17441, 1161
0.00429328, 0.00254046, 0.0017517, 1.6022e-05, 21171, 16261, 918
0.00556057, 0.003502, 0.00205683, 2.3391e-05, 21364, 19167, 972
0.00274325, 0.00170178, 0.00104082, 7.82e-06, 21460, 19872, 810
0.00427413, 0.00269835, 0.00157476, 1.79e-05, 22202, 18959, 1350
0.00355217, 0.00185208, 0.00169775, 1.63e-05, 22515, 14893, 918
0.00552552, 0.00307238, 0.00245053, 1.8556e-05, 22452, 15256, 675
0.00360459, 0.00212614, 0.00147755, 1.0495e-05, 22646, 14362, 729
0.0032438, 0.00212832, 0.00111404, 9.254e-06, 23002, 14261, 621
0.00231749, 0.00144365, 0.000873297, 6.708e-06, 22823, 14732, 648
0.00466751, 0.0030078, 0.00165756, 1.7643e-05, 23301, 14471, 486
0.000373806, 0.000275664, 9.7331e-05, 8.239e-06, 23465, 291, 567
0.000707133, 0.000511403, 0.000193725, 1.5695e-05, 23567, 267, 540
0.0004887, 0.000367524, 0.000118897, 1.4545e-05, 23813, 262, 756
0.000456466, 0.000338533, 0.000116773, 1.7651e-05, 24441, 303, 1107
0.000843111, 0.0006063, 0.000234566, 2.4625e-05, 24951, 359, 756
0.00052199, 0.000396916, 0.000123128, 1.2912e-05, 25522, 373, 675
0.000738264, 0.000547918, 0.000187605, 1.7323e-05, 25827, 344, 486
0.000493677, 0.000377141, 0.000114348, 6.3e-06, 26388, 357, 270
0.00686757, 0.00235437, 0.00451119, 7.132e-06, 26221, 21148, 594
0.00234386, 0.00129707, 0.0010457, 2.956e-06, 25839, 21225, 297
0.00582433, 0.00390822, 0.00191166, 4.93e-06, 25309, 21299, 243
0.00323306, 0.00197638, 0.00125483, 5.638e-06, 25226, 21774, 351
0.00527861, 0.00337009, 0.00190659, 1.1064e-05, 25123, 23585, 594
0.00495498, 0.00357347, 0.00137974, 1.0382e-05, 24976, 22227, 567
0.000784195, 0.000552797, 0.000229185, 1.7762e-05, 24667, 450, 486
0.000340092, 0.000263029, 7.6264e-05, 7.338e-06, 24660, 437, 540
0.000370626, 0.00028502, 8.4802e-05, 7.307e-06, 24896, 484, 486
0.000654425, 0.000518107, 0.000133624, 1.0456e-05, 24740, 450, 405
0.000444515, 0.000356583, 8.6354e-05, 4.663e-06, 24865, 447, 216
0.000752002, 0.000593344, 0.00015661, 8.497e-06, 25016, 453, 162
0.000378057, 0.0002986, 7.8548e-05, 4.283e-06, 25214, 498, 270
0.000862594, 0.000682754, 0.000177502, 8.422e-06, 25399, 536, 162
0.000544789, 0.000438497, 0.000104446, 7.525e-06, 25192, 492, 324
0.000456224, 0.000377885, 7.6e-05, 7.939e-06, 24619, 431, 378
0.000288539, 0.000241742, 4.6115e-05, 3.85e-06, 23948, 405, 270
0.000613761, 0.00049119, 0.000120394, 6.439e-06, 23874, 479, 162
0.000657385, 0.000539055, 0.000115579, 2.638e-06, 23881, 555, 54
0.000206885, 0.000167841, 3.7976e-05, 1.005e-06, 23813, 586, 54
0.000281001, 0.000235372, 4.5006e-05, 1.638e-06, 23375, 509, 108
0.000581703, 0.000483267, 9.6439e-05, 2.869e-06, 22931, 526, 54
0.000536165, 0.000459418, 7.4951e-05, 0, 22613, 527, 0
0.000690006, 0.000609421, 7.6896e-05, 1.302e-06, 22655, 536, 27
0.000348792, 0.000305724, 4.205e-05, 0, 22019, 478, 0
0.000348808, 0.000308769, 3.8091e-05, 1.816e-06, 21215, 444, 54
0.000151629, 0.000123928, 2.6836e-05, 6.63e-07, 20704, 415, 54
0.000520295, 0.000442428, 7.5219e-05, 0, 19866, 386, 0
0.000294517, 0.00024566, 4.7931e-05, 1.107e-06, 19749, 435, 27
0.000296456, 0.000250019, 4.5145e-05, 1.123e-06, 19595, 437, 27
0.000354919, 0.000300869, 5.1928e-05, 8.76e-07, 19976, 476, 27
0.000635516, 0.000520584, 0.000112357, 2.024e-06, 19864, 511, 27
0.000253515, 0.000214414, 3.8408e-05, 0, 20176, 547, 0
0.000354257, 0.000306687, 4.5923e-05, 1.038e-06, 20139, 541, 27
0.000414037, 0.000363087, 4.8766e-05, 3.115e-06, 19835, 506, 81
0.000329037, 0.000285441, 4.2197e-05, 1.346e-06, 19688, 510, 27
0.000278417, 0.000235235, 4.1643e-05, 0, 19391, 496, 0
0.000236225, 0.000200066, 3.5286e-05, 5.42e-07, 19722, 516, 27
0.000554876, 0.000479127, 7.2385e-05, 1.74e-06, 19600, 480, 27
0.000365534, 0.000327949, 3.6385e-05, 0, 19497, 472, 0
0.000352629, 0.000310996, 3.9221e-05, 0, 19610, 523, 0
0.000598068, 0.000511133, 8.4729e-05, 0, 20052, 562, 0
0.00025011, 0.000220124, 2.93e-05, 9.23e-07, 19931, 543, 27
0.000365867, 0.000315876, 4.8608e-05, 1.033e-06, 19597, 544, 27
0.000215441, 0.00018111, 3.2721e-05, 0, 18971, 476, 0
0.000480443, 0.000411734, 6.7016e-05, 1.592e-06, 18803, 525, 27
0.000266665, 0.000220491, 4.5178e-05, 0, 19483, 612, 0
0.000569303, 0.000449235, 0.000118457, 6.337e-06, 19848, 660, 189
0.000394201, 0.000314922, 7.8212e-05, 3.284e-06, 19622, 638, 162
0.000362033, 0.000282881, 7.7521e-05, 3.599e-06, 19429, 618, 189
0.000286793, 0.000226116, 5.9693e-05, 1.684e-06, 19480, 655, 81
0.000357906, 0.000282257, 7.4567e-05, 4.603e-06, 18977, 658, 243
0.000627974, 0.000493154, 0.000132164, 4.231e-06, 18922, 649, 81
0.000345654, 0.000275687, 6.7976e-05, 3.115e-06, 18675, 637, 108
0.00039238, 0.000317459, 7.2685e-05, 3.414e-06, 18648, 632, 135
0.000315708, 0.000249049, 6.5732e-05, 1.553e-06, 18542, 626, 54
0.000509556, 0.000398084, 0.000109371, 3.229e-06, 18724, 612, 81
0.000197765, 0.000154136, 4.2468e-05, 1.887e-06, 18758, 622, 108
0.000335685, 0.000271851, 6.1968e-05, 2.41e-06, 18563, 607, 81
0.000254123, 0.000196106, 5.7249e-05, 1.962e-06, 19440, 673, 108
0.000691299, 0.000540586, 0.000147781, 3.149e-06, 19755, 716, 54
0.000555285, 0.000430506, 0.000122908, 5.479e-06, 19434, 665, 135
0.000306902, 0.000245374, 6.0628e-05, 1.444e-06, 19088, 636, 54
0.000254029, 0.000204749, 4.7831e-05, 8.88e-07, 19509, 660, 27
0.000376643, 0.000304902, 7.029e-05, 2.454e-06, 19842, 692, 81
0.000720844, 0.000560248, 0.000157726, 2.02e-06, 19714, 677, 27
0.00029485, 0.00023797, 5.595e-05, 1.701e-06, 19253, 641, 54
0.000226238, 0.000183105, 4.2229e-05, 0, 19485, 674, 0
0.000349266, 0.000285401, 6.1888e-05, 1.501e-06, 19420, 661, 54
0.000522051, 0.000424312, 9.5807e-05, 1.486e-06, 19517, 672, 27
0.000286952, 0.000230282, 5.5761e-05, 0, 19375, 634, 0
0.000558902, 0.000478863, 7.7957e-05, 0, 19345, 635, 0
0.000372831, 0.000302206, 6.8473e-05, 0, 19423, 639, 0
0.000540479, 0.000439053, 9.8522e-05, 0, 19866, 658, 0
0.000318715, 0.000260955, 5.6854e-05, 1.699e-06, 20352, 688, 54
0.000394001, 0.000332102, 6.0803e-05, 1.393e-06, 21288, 773, 54
0.000384266, 0.000311477, 7.0694e-05, 1.824e-06, 21280, 762, 54
0.000679308, 0.000545468, 0.000130933, 3.627e-06, 21181, 727, 81
0.000290435, 0.000243827, 4.5749e-05, 1.497e-06, 20460, 677, 81
0.000414475, 0.000348034, 6.4644e-05, 2.003e-06, 21121, 699, 54
0.000560031, 0.000454648, 0.000101758, 1.478e-06, 20733, 700, 27
0.000543993, 0.000444222, 9.6066e-05, 0, 20103, 663, 0
0.000253949, 0.000216968, 3.6093e-05, 0, 19388, 571, 0
0.000118391, 9.8752e-05, 1.9218e-05, 0, 19510, 560, 0
0.000142605, 0.000115476, 2.668e-05, 0, 20248, 586, 0
0.000428174, 0.000372346, 5.4132e-05, 0, 20520, 562, 0
0.000454468, 0.000394314, 5.8492e-05, 1.228e-06, 20856, 562, 27
0.000246009, 0.000214882, 3.041e-05, 0, 20644, 512, 0
0.000541257, 0.000450978, 8.8744e-05, 1.353e-06, 20437, 485, 27
0.000362578, 0.000319819, 4.0622e-05, 0, 20659, 474, 0
0.000422701, 0.000379924, 4.0043e-05, 0, 19857, 477, 0
0.000212168, 0.000183417, 2.8071e-05, 0, 19930, 436, 0
0.000485621, 0.000428571, 5.4712e-05, 1.774e-06, 20363, 429, 27
0.000364432, 0.000320494, 4.255e-05, 0, 20422, 416, 0
0.000323919, 0.000291884, 3.0468e-05, 0, 20030, 362, 0
0.000251522, 0.000229664, 2.0976e-05, 0, 19216, 321, 0
0.000232709, 0.000210291, 2.1603e-05, 9.09e-07, 19229, 315, 27
0.000534623, 0.000484954, 4.5865e-05, 0, 18914, 306, 0
0.000514335, 0.000452524, 5.7674e-05, 0, 18591, 342, 0
0.000234302, 0.000201509, 3.2013e-05, 0, 18806, 407, 0
0.000167616, 0.00014592, 2.0829e-05, 0, 18581, 381, 0
0.000386227, 0.00034749, 3.7438e-05, 0, 18587, 370, 0
0.00041363, 0.000364678, 4.6809e-05, 1.433e-06, 18317, 376, 27
0.000224311, 0.000203091, 2.0469e-05, 0, 18442, 383, 0
0.000202588, 0.000178207, 2.3718e-05, 7.03e-07, 18105, 368, 27
0.000282557, 0.00026157, 1.8985e-05, 0, 17558, 364, 0
0.000312774, 0.00027271, 3.9135e-05, 0, 17867, 423, 0
0.000458446, 0.000389463, 6.7201e-05, 1.583e-06, 18750, 483, 27
0.000204117, 0.000177601, 2.5882e-05, 0, 19675, 497, 0
0.000528402, 0.00046132, 6.4486e-05, 0, 20099, 489, 0
0.000283906, 0.000254728, 2.7072e-05, 9.87e-07, 20335, 464, 27
0.00034531, 0.000312337, 3.1214e-05, 0, 20667, 483, 0
0.000257547, 0.00022757, 2.9239e-05, 1.371e-06, 21207, 463, 54
0.000343027, 0.000300594, 3.9852e-05, 1.425e-06, 21493, 441, 27
0.000492508, 0.000443927, 4.6011e-05, 0, 21646, 438, 0
0.000224865, 0.000204628, 1.8605e-05, 0, 21734, 446, 0
0.000308238, 0.000275864, 3.1325e-05, 7.3e-07, 22240, 509, 27
0.000371131, 0.000332513, 3.7345e-05, 1.027e-06, 22780, 518, 27
0.000353128, 0.000282174, 6.9951e-05, 1.805e-06, 23054, 497, 27
0.000577521, 0.000506281, 6.8223e-05, 1.662e-06, 23403, 496, 27
0.000299977, 0.000266441, 3.2726e-05, 0, 24341, 503, 0
0.000358425, 0.000318358, 3.8509e-05, 0, 24491, 527, 0
0.000503473, 0.000439243, 6.2891e-05, 0, 24641, 510, 0
0.000603226, 0.000533265, 6.8191e-05, 1.608e-06, 25084, 476, 27
0.000327915, 0.000291672, 3.5194e-05, 0, 25526, 491, 0
0.000381745, 0.000346994, 3.3609e-05, 0, 26072, 513, 0
0.000404386, 0.000363349, 4.0047e-05, 0, 26093, 481, 0
0.00063982, 0.000557167, 7.9762e-05, 0, 26095, 519, 0
0.000236219, 0.000208299, 2.6798e-05, 6.65e-07, 25838, 495, 27
0.000304665, 0.000272288, 3.1663e-05, 7.29e-07, 25325, 496, 27
0.00040553, 0.000366828, 3.7103e-05, 0, 26100, 550, 0
0.000436173, 0.000378809, 5.5916e-05, 9.05e-07, 26263, 604, 27
0.000453708, 0.000401942, 4.9699e-05, 0, 26297, 616, 0
0.0065871, 0.00439918, 0.00218561, 3.077e-06, 26637, 21200, 108
0.00150173, 0.00129412, 0.000207178, 2.4e-06, 27400, 17912, 324
0.00582405, 0.00490229, 0.000919259, 4.1e-06, 27667, 17946, 108
0.00616321, 0.00516222, 0.000998992, 2.591e-06, 27928, 18306, 54
0.00393809, 0.00339446, 0.000542753, 4.695e-06, 29183, 16481, 216
0.00458549, 0.00402886, 0.000554487, 3.056e-06, 29314, 15855, 135
0.00565724, 0.00502225, 0.000631188, 5.843e-06, 29806, 15455, 243
0.00478224, 0.00422697, 0.000553935, 4.024e-06, 28813, 15982, 135
0.00215162, 0.00148331, 0.000667579, 1.236e-06, 27282, 18096, 81
0.000682257, 0.000565863, 0.000115044, 2.771e-06, 26467, 870, 54
0.000596911, 0.000513194, 8.2267e-05, 1.852e-06, 26228, 823, 54
0.000512843, 0.000455824, 5.579e-05, 0, 25184, 749, 0
0.000387704, 0.000337269, 4.7885e-05, 0, 22757, 639, 0
0.000488696, 0.000427196, 5.9072e-05, 2.183e-06, 22197, 595, 54
0.000764583, 0.000660465, 9.9477e-05, 0, 21831, 556, 0
0.000728725, 0.000630191, 9.559e-05, 0, 22238, 583, 0
0.000359719, 0.000315483, 4.2738e-05, 1.172e-06, 22872, 636, 27
0.000598371, 0.00052048, 7.6122e-05, 0, 23877, 716, 0
0.000316691, 0.000271893, 4.3865e-05, 0, 24083, 783, 0
0.000426245, 0.000370186, 5.4678e-05, 0, 23777, 752, 0
0.00014491, 0.000121463, 2.2983e-05, 0, 22124, 701, 0
0.000248659, 0.000206738, 4.0698e-05, 0, 21346, 644, 0
0.000519874, 0.000444498, 7.2719e-05, 1.633e-06, 20611, 598, 27
0.000403632, 0.000351886, 5.0266e-05, 1.479e-06, 20147, 585, 27
0.000290958, 0.000258384, 3.1551e-05, 1.144e-06, 19729, 537, 27
0.000300435, 0.000271583, 2.7843e-05, 0, 19138, 485, 0
0.000117817, 0.000102175, 1.4917e-05, 0, 18844, 447, 0
0.000293178, 0.000263775, 2.8116e-05, 0, 18408, 383, 0
0.000288339, 0.000257872, 2.9129e-05, 0, 18620, 429, 0
0.000128942, 0.000107205, 2.1513e-05, 0, 19004, 478, 0
0.000529208, 0.000447461, 7.8772e-05, 1.68e-06, 18886, 440, 27
0.000549887, 0.000436493, 0.000110924, 0, 19599, 487, 0
0.000392682, 0.000331729, 5.8858e-05, 1.708e-06, 21087, 561, 54
0.000298072, 0.000247266, 4.9198e-05, 1.175e-06, 23725, 668, 54
0.000159934, 0.000130706, 2.8637e-05, 0, 25166, 773, 0
